{
  "best": {
    "_epoch_": {},
    "train": {
      "loss": 0.2027100771665573,
      "loss/mean": 0.2027100771665573,
      "loss/std": 0.002366267186674924,
      "lr": 6.547780814530778e-05,
      "momentum": 0.9281743766490707
    },
    "valid": {
      "loss": 0.1990058869123459,
      "loss/mean": 0.1990058869123459,
      "loss/std": 0.001717287441407299,
      "lr": 6.547780814530778e-05,
      "momentum": 0.9281743766490707
    },
    "_score_": "train.47"
  },
  "last": {
    "_epoch_": {},
    "train": {
      "loss": 0.20207881927490234,
      "loss/mean": 0.20207881927490234,
      "loss/std": 0.001297039116184714,
      "lr": 1.2030818248747524e-09,
      "momentum": 0.9499999989727209
    },
    "valid": {
      "loss": 0.1990644931793213,
      "loss/mean": 0.1990644931793213,
      "loss/std": 0.001897859903440484,
      "lr": 1.2030818248747524e-09,
      "momentum": 0.9499999989727209
    },
    "_score_": 0.1990644931793213
  },
  "train.47": {
    "_epoch_": {},
    "train": {
      "loss": 0.2027100771665573,
      "loss/mean": 0.2027100771665573,
      "loss/std": 0.002366267186674924,
      "lr": 6.547780814530778e-05,
      "momentum": 0.9281743766490707
    },
    "valid": {
      "loss": 0.1990058869123459,
      "loss/mean": 0.1990058869123459,
      "loss/std": 0.001717287441407299,
      "lr": 6.547780814530778e-05,
      "momentum": 0.9281743766490707
    },
    "_score_": 0.1990058869123459
  }
}