{
  "best": {
    "_epoch_": {},
    "train": {
      "loss": 0.21461984515190125,
      "loss/mean": 0.21461984515190125,
      "loss/std": 0.00402328430435688,
      "lr": 6.547780814530778e-05,
      "momentum": 0.9281743766490707
    },
    "valid": {
      "loss": 0.19938302040100098,
      "loss/mean": 0.19938302040100098,
      "loss/std": 0.003261784495945296,
      "lr": 6.547780814530778e-05,
      "momentum": 0.9281743766490707
    },
    "_score_": "train.47"
  },
  "last": {
    "_epoch_": {},
    "train": {
      "loss": 0.21327689290046692,
      "loss/mean": 0.21327689290046692,
      "loss/std": 0.0027542157123471027,
      "lr": 1.2030818248747524e-09,
      "momentum": 0.9499999989727209
    },
    "valid": {
      "loss": 0.1995641440153122,
      "loss/mean": 0.1995641440153122,
      "loss/std": 0.002649351654398078,
      "lr": 1.2030818248747524e-09,
      "momentum": 0.9499999989727209
    },
    "_score_": 0.1995641440153122
  },
  "train.47": {
    "_epoch_": {},
    "train": {
      "loss": 0.21461984515190125,
      "loss/mean": 0.21461984515190125,
      "loss/std": 0.00402328430435688,
      "lr": 6.547780814530778e-05,
      "momentum": 0.9281743766490707
    },
    "valid": {
      "loss": 0.19938302040100098,
      "loss/mean": 0.19938302040100098,
      "loss/std": 0.003261784495945296,
      "lr": 6.547780814530778e-05,
      "momentum": 0.9281743766490707
    },
    "_score_": 0.19938302040100098
  }
}