{
  "best": {
    "_epoch_": {},
    "train": {
      "loss": 0.23165234923362732,
      "loss/mean": 0.23165234923362732,
      "loss/std": 0.005656636351332379,
      "lr": 2.0082108560951307e-05,
      "momentum": 0.9433063370383643
    },
    "valid": {
      "loss": 0.20037776231765747,
      "loss/mean": 0.20037776231765747,
      "loss/std": 0.004486971245854976,
      "lr": 2.0082108560951307e-05,
      "momentum": 0.9433063370383643
    },
    "_score_": "train.53"
  },
  "last": {
    "_epoch_": {},
    "train": {
      "loss": 0.23132206499576569,
      "loss/mean": 0.23132206499576569,
      "loss/std": 0.005554348095055315,
      "lr": 1.2030818248747524e-09,
      "momentum": 0.9499999989727209
    },
    "valid": {
      "loss": 0.2004581242799759,
      "loss/mean": 0.2004581242799759,
      "loss/std": 0.003717205460446975,
      "lr": 1.2030818248747524e-09,
      "momentum": 0.9499999989727209
    },
    "_score_": 0.2004581242799759
  },
  "train.53": {
    "_epoch_": {},
    "train": {
      "loss": 0.23165234923362732,
      "loss/mean": 0.23165234923362732,
      "loss/std": 0.005656636351332379,
      "lr": 2.0082108560951307e-05,
      "momentum": 0.9433063370383643
    },
    "valid": {
      "loss": 0.20037776231765747,
      "loss/mean": 0.20037776231765747,
      "loss/std": 0.004486971245854976,
      "lr": 2.0082108560951307e-05,
      "momentum": 0.9433063370383643
    },
    "_score_": 0.20037776231765747
  }
}