{
  "best": {
    "_epoch_": {},
    "train": {
      "loss": 0.20567086338996887,
      "loss/mean": 0.20567086338996887,
      "loss/std": 0.0016014848225907327,
      "lr": 1.2030818248747524e-09,
      "momentum": 0.9499999989727209
    },
    "valid": {
      "loss": 0.19906534254550934,
      "loss/mean": 0.19906534254550934,
      "loss/std": 0.0016361832794359963,
      "lr": 1.2030818248747524e-09,
      "momentum": 0.9499999989727209
    },
    "_score_": "train.60"
  },
  "last": {
    "_epoch_": {},
    "train": {
      "loss": 0.20567086338996887,
      "loss/mean": 0.20567086338996887,
      "loss/std": 0.0016014848225907327,
      "lr": 1.2030818248747524e-09,
      "momentum": 0.9499999989727209
    },
    "valid": {
      "loss": 0.19906534254550934,
      "loss/mean": 0.19906534254550934,
      "loss/std": 0.0016361832794359963,
      "lr": 1.2030818248747524e-09,
      "momentum": 0.9499999989727209
    },
    "_score_": 0.19906534254550934
  },
  "train.60": {
    "_epoch_": {},
    "train": {
      "loss": 0.20567086338996887,
      "loss/mean": 0.20567086338996887,
      "loss/std": 0.0016014848225907327,
      "lr": 1.2030818248747524e-09,
      "momentum": 0.9499999989727209
    },
    "valid": {
      "loss": 0.19906534254550934,
      "loss/mean": 0.19906534254550934,
      "loss/std": 0.0016361832794359963,
      "lr": 1.2030818248747524e-09,
      "momentum": 0.9499999989727209
    },
    "_score_": 0.19906534254550934
  }
}